Title,Ingredients,Instructions,Link,
Banana Banana Bread,"2 cups all-purpose flour, 1 teaspoon baking soda, 1/4 teaspoon salt, 3/4 cup brown sugar, 1/2 cup butter, 2 large eggs (beaten), 2 1/3 cups mashed overripe bananas ","Preheat the oven to 350 degrees F (175 degrees C). Lightly grease a 9x5-inch loaf pan.

Combine flour, baking soda, and salt in a large bowl. Beat brown sugar and butter with an electric mixer in a separate large bowl until smooth. Stir in eggs and mashed bananas until well blended. Stir banana mixture into flour mixture until just combined. Pour batter into the prepared loaf pan.

Bake in the preheated oven until a toothpick inserted into the center comes out clean, about 60 minutes. Let bread cool in pan for 10 minutes, then turn out onto a wire rack to cool completely.",https://www.allrecipes.com/recipe/20144/banana-banana-bread/,
Quick and Easy Brownies,"2 cups white sugar, 1 1/2 cups all-purpose flour, 1 cup butter (melted), 4 eggs, 1/2 cup cocoa powder, 1 teaspoon vanilla extract, 1/2 teaspoon baking powder, 1/2 teaspoon salt, 1/2 cup walnut halves",,https://www.allrecipes.com/recipe/9599/quick-and-easy-brownies/,
Easy Decadent Truffles,"8 oz package cream cheese (softened), 3 cups confectioners' sugar (sifted), 3 cups semisweet chocolate chips (melted), 1 1/2 teaspoons vanilla","Gather all ingredients. Beat the cream cheese in a large bowl until smooth. Gradually beat in confectioners' sugar until well blended. Stir in melted chocolate and vanilla until no streaks remain. Refrigerate until just set so about 15 to 30 minutes. Shape chilled mixture into 1-inch balls. Roll balls into your favorite toppings, if desired. Enjoy!",https://www.allrecipes.com/recipe/41236/easy-decadent-truffles/,
Christmas Pomegranate Salad,"3 cups leafy salad green mix, 1/2 cup pomegranate seeds, 1/3 cup crumbled blue cheese, 1/4 cup crushed walnuts, 1/4 cup cranberry vinaigrette","Toss leafy greens, pomegranate seeds, blue cheese, and walnuts together in a medium-sized salad bowl. Add cranberry vinaigrette just before serving.",https://www.allrecipes.com/recipe/268727/christmas-pomegranate-salad/,
Holiday Spritz Cookies,"2 1/3 cups pillsbury best all-purpose flour, 1/4 teaspoon salt, 1/4 teaspoon baking powder, 1/2 stick crisco baking sticks butter flavored all-vegetable shortening, 1/2 cup butter (softened), 1 cup powdered sugar, 1 large egg, 1/2 teaspoon almond extract, 8 drops green food color, 12 oz container pillsbury funfetti garland green vanilla flavored frosting","Heat oven to 375 degrees F. Stir flour, salt and baking powder in medium bowl until well blended. Beat shortening, butter and powdered sugar in large bowl with electric mixer on medium speed until light and fluffy. Beat in egg, almond extract and food color. Beat in flour mixture gradually until blended.

Fit cookie press with Christmas tree or wreath plate according to manufacturer's instructions. Fill cookie press according to instructions. Press dough onto ungreased baking sheets. Bake 6 to 7 minutes or until set, but not brown. Cool 1 minute on baking sheet. Remove to wire rack to cool completely.

Place frosting in large heavy-duty resealable plastic bag. Microwave on HIGH 20 to 30 seconds to soften. Knead. Cut very small bottom corner off bag. Drizzle over cookies in a decorative pattern. Place candy bits from frosting in medium bowl. Hold cookie over bowl and sprinkle with candy bits. Let stand 15 minutes or until frosting is set.",https://www.allrecipes.com/recipe/239524/holiday-spritz-cookies/,
Chocolate Truffle Cookies,"3 eggs, 1 cup white sugar, 1 1/2 teaspoon vanilla extract, 1/2 cup all-purpose flour, 2 tablespoons unsweetened cocoa powder, 1/4 teaspoons baking powder, 1/4 teaspoon salt, 1 cup semisweet chocolate chips","n the microwave or in a metal bowl over a pan of simmering water, melt unsweetened chocolate, 1 cup of the chocolate chips, and the butter stirring occasionally until smooth. Remove from heat and set aside to cool. In a large bowl, whip eggs and sugar until thick and pale, about 2 minutes. Stir in the vanilla and the chocolate mixture until well mixed. Combine the flour, cocoa, baking powder and salt; gradually stir into the chocolate mixture. Fold in remaining 1 cup chocolate chips. Cover dough and chill for at least an hour or overnight.

Preheat oven to 350 degrees F (175 degrees C). Roll chilled dough into 1 inch balls. Place on ungreased cookie sheets so they are 2 inches apart.

Bake for 9 to 11 minutes in the preheated oven. Allow cookies to cool on baking sheet for 5 minutes before removing to a wire rack to cool completely.",https://www.allrecipes.com/recipe/25808/chocolate-truffle-cookies/,
Pav Bhaji,"1/2 cup vegetable oil, 2 teaspoons chopped garlic, 1 teaspoon finely chopped green chile peppers, 1 cup chopped onions, 2 teaspoons grated fresh ginger, 1 cup chopped roma tomatoes, 2 cups cauliflower (finley chopped), 1 cup chopped cabbage, 1 cup green peas, 1 cup grated carrots, 4 potatoes (boiled and mashed), 3 tablespoons pav bhaji masala, salt (to taste), 1 tablespoon lemon juice, 8 dinner rolls (2 inch square), 1/2 tablespoon butter, 1/4 finely chopped onion, 1 tablespoon finely chopped green chile peppers, 1/4 cup chopped fresh cilantro","Heat the oil in a wok over medium heat. Saute garlic and green chile for 30 seconds, then stir in onions and ginger. Cook until onions are brown. Add tomatoes, and cook until pasty. Stir in cauliflower, cabbage, peas, carrots and potatoes. Season with pav bhaji masala. Cover, and cook for 15 minutes, stirring occasionally. Season with salt, and stir in lemon juice.

Toast the dinner rolls, and spread lightly with butter. Serve garnished with chopped onion, green chile and cilantro.",https://www.allrecipes.com/recipe/45040/pav-bhaji/,
Homemade Chicken Soup,"1 whole chicken (3 lbs), 4 carrots (halved), 4 stalks celery (halved), 1 large onion (halved), ater (to cover), salt and pepper (to taste), 1 teaspoon chicken bouillon granules (optional)","Gather all ingredients.Place chicken, carrots, celery, and onion in a large soup pot; add enough cold water to cover. Bring to a boil over medium heat; reduce heat to low and simmer, uncovered, until meat falls off of the bone, about 90 minutes. Skim off foam every so often, as needed.Remove chicken from the pot and let sit until cool enough to handle; chop meat into pieces, and discard skin and bones.Strain out vegetables, reserving the stock; rinse the soup pot and return the stock to the pot. Chop vegetables into smaller pieces; return chopped chicken and vegetables to the pot.Warm soup until heated through; season with salt, pepper, and chicken bouillon to taste.Serve and enjoy!",https://www.allrecipes.com/recipe/8814/homemade-chicken-soup/,
Quick Beef Stir-Fry,"2 tablespoons vegetable oil, 1 lb beef serloin (cut into 2-inch strips), 1 1/2 cups fresh broccoli florets, 1 red bell pepper (cut into match sticks, 2 carrots (thinly sliced), 1 green onion (chopped), 1 teaspoon minced garlic, 2 tablespoons soy sauce, 2 tablespoons sesame seed (toatsed)","Gather all ingredients. Heat vegetable oil in a large wok or skillet over medium-high heat; cook and stir beef until browned, 3 to 4 minutes. Move beef to the side of the wok and add broccoli, bell pepper, carrots, green onion, and garlic to the center of the wok. Cook and stir vegetables for 2 minutes.

Stir beef into vegetables and season with soy sauce and sesame seeds. Continue to cook and stir until vegetables are tender, about 2 more minutes. Serve hot and enjoy!",https://www.allrecipes.com/recipe/228823/quick-beef-stir-fry/,
Easy Vanilla Ice Cream,"Dinners











Dinners



 5-Ingredient Dinners
 

 One-Pot Meals
 

 Quick & Easy
 

 30-Minute Meals
 

 Soups, Stews & Chili
 

 Comfort Food
 

 Main Dishes
 

 Sheet Pan Dinners
 

 View All, 5-Ingredient Dinners, Ingredients











Ingredients



 Chicken
 

 Beef
 

 Pork
 

 Seafood
 

 Pasta
 

 Fruits
 

 Vegetables
 

 View All, Kitchen Tips











Kitchen Tips



 Instant Pot
 

 Air Fryer
 

 Slow Cooker
 

 Our Favorite Products
 

 BBQ & Grilling
 

 Cooking by Equipment
 

 Ingredient Substitutions
 

 View All, Ingredient Substitutions, Dinners



 5-Ingredient Dinners
 

 One-Pot Meals
 

 Quick & Easy
 

 30-Minute Meals
 

 Soups, Stews & Chili
 

 Comfort Food
 

 Main Dishes
 

 Sheet Pan Dinners
 

 View All, 5-Ingredient Dinners, Ingredients



 Chicken
 

 Beef
 

 Pork
 

 Seafood
 

 Pasta
 

 Fruits
 

 Vegetables
 

 View All, Kitchen Tips



 Instant Pot
 

 Air Fryer
 

 Slow Cooker
 

 Our Favorite Products
 

 BBQ & Grilling
 

 Cooking by Equipment
 

 Ingredient Substitutions
 

 View All, Ingredient Substitutions, 1 ½ cups white sugar, 1 ½ cups white sugar, 4 teaspoons vanilla extract, 4 teaspoons vanilla extract, ** Nutrient information is not available for all ingredients. Amount is based on available nutrient data., Ingredients","Slow Cooker, Cooking by Equipment, Slow Cooker, Cooking by Equipment, This easy ice cream recipe requires no cooking and no eggs. Half-and-half and cream team up with sugar to create a simple, old-fashioned vanilla ice cream that tastes great., Combine half-and-half, sugar, cream, vanilla, and salt in the freezer container of an ice cream maker. Freeze according to the manufacturer's instructions, about 20 minutes. Transfer to an airtight container and freeze until firm, about 4 hours., Combine half-and-half, sugar, cream, vanilla, and salt in the freezer container of an ice cream maker. Freeze according to the manufacturer's instructions, about 20 minutes. Transfer to an airtight container and freeze until firm, about 4 hours.",POSITIVE,https://www.allrecipes.com/recipe/19812/vanilla-ice-cream-v/
